Antonio,Morales,antonio@example.com,600123456
Laura,Pérez,laura@example.com,699654321
Carlos,García,carlos@example.com,688777888
María,López,maria.lopez@example.com,622334455
Javier,Sánchez,javier.sanchez@example.com,655443322
Elena,Ruiz,elena.ruiz@example.com,677889900
Pedro,Martínez,pedro.martinez@example.com,699112233
Lucía,Ortega,lucia.ortega@example.com,611223344
Raúl,Castro,raul.castro@example.com,633445566
Sofía,Fernández,sofia.fernandez@example.com,644556677

